from,to
math.pre,math.algebra
math.pre,math.geometry
math.geometry,math.trig
math.algebra,math.functions
math.functions,math.calc1
math.calc1,math.calc2
math.calc2,math.ode
math.ode,math.pde
math.vectors,math.pde
math.algebra,math.linalg
math.calc2,math.vectors
math.linalg,math.vectors
math.algebra,math.complex
math.trig,math.complex
math.calc2,math.prob
math.prob,math.stat
math.calc2,math.nummethods
math.linalg,math.nummethods
math.calc2,math.analysis
math.pde,math.advanced
math.analysis,math.advanced
math.complex,math.advanced
math.linalg,math.grouptheory
math.prob,math.mc
math.stat,math.mc
cs.python,math.mc
math.linalg,math.optimization
math.calc1,math.optimization
math.pre,cs.python
cs.python,cs.numpy
math.linalg,cs.numpy
cs.numpy,cs.data
math.stat,cs.data
math.stat,cs.uq
math.mc,cs.uq
cs.numpy,cs.uq
cs.uq,cs.vv
math.nummethods,cs.vv
cs.python,cs.hpc
math.calc1,phys.mech
math.vectors,phys.mech
phys.mech,phys.energy
phys.mech,phys.grav
math.vectors,phys.em
phys.mech,phys.em
phys.em,phys.emi
math.vectors,phys.emi
math.trig,phys.waves
phys.mech,phys.waves
math.calc1,phys.thermo
phys.energy,phys.thermo
phys.thermo,phys.statmech
math.prob,phys.statmech
phys.mech,phys.relativity
phys.emi,phys.relativity
math.ode,phys.qm1
math.linalg,phys.qm1
math.complex,phys.qm1
phys.emi,phys.qm1
phys.relativity,phys.qm1
phys.qm1,phys.qm2
math.advanced,phys.qm2
phys.qm1,phys.atomic
phys.atomic,phys.molecular
phys.qm1,phys.condmat
phys.statmech,phys.condmat
phys.em,phys.accel_basics
phys.relativity,phys.accel_basics
phys.qm1,part.intro
phys.relativity,part.intro
part.intro,part.sm
math.grouptheory,part.sm
phys.qm2,part.sm
part.intro,part.quarks
part.intro,part.forces
part.sm,part.neutrino
nuc.decay,part.neutrino
part.quarks,part.detectors
rad.detectors,part.detectors
phys.accel_basics,part.accel
phys.emi,part.accel
part.sm,part.hep
part.detectors,part.hep
part.sm,part.qft
phys.qm2,part.qft
math.advanced,part.qft
math.pre,chem.general
chem.general,chem.structure
phys.atomic,chem.structure
chem.structure,chem.bonding
chem.bonding,chem.organic
chem.bonding,chem.inorganic
chem.structure,chem.inorganic
chem.general,chem.phys
phys.thermo,chem.phys
phys.qm1,chem.phys
chem.general,chem.analytical
math.stat,chem.analytical
chem.bonding,chem.materials
phys.condmat,chem.materials
chem.inorganic,chem.radiochemistry
nuc.decay,chem.radiochemistry
rad.interaction,chem.radiochemistry
chem.radiochemistry,chem.nuclear
nuc.reactions,chem.nuclear
chem.phys,chem.isotope
nuc.isotopes,chem.isotope
chem.radiochemistry,chem.envradio
env.tracers,chem.envradio
chem.radiochemistry,chem.hotcells
prot.principles,chem.hotcells
phys.atomic,nuc.intro
phys.relativity,nuc.intro
nuc.isotopes,nuc.intro
nuc.intro,nuc.nucleons
part.forces,nuc.nucleons
phys.atomic,nuc.isotopes
chem.structure,nuc.isotopes
nuc.isotopes,nuc.binding
phys.relativity,nuc.binding
nuc.binding,nuc.mass
nuc.binding,nuc.stability
nuc.isotopes,nuc.stability
nuc.stability,nuc.decay
phys.qm1,nuc.decay
nuc.decay,nuc.halflife
math.ode,nuc.halflife
nuc.halflife,nuc.series
math.ode,nuc.series
nuc.binding,nuc.reactions
phys.energy,nuc.reactions
phys.relativity,nuc.reactions
nuc.reactions,nuc.crosssection
math.prob,nuc.crosssection
nuc.crosssection,nuc.scattering
phys.qm2,nuc.scattering
nuc.crosssection,nuc.absorption
nuc.scattering,nuc.absorption
nuc.crosssection,nuc.neutron
nuc.absorption,nuc.neutron
nuc.binding,nuc.fission
nuc.reactions,nuc.fission
nuc.binding,nuc.fusion_basics
nuc.reactions,nuc.fusion_basics
phys.statmech,nuc.fusion_basics
phys.qm2,nuc.models
nuc.stability,nuc.models
nuc.decay,nuc.exp
meas.detectors,nuc.exp
math.stat,nuc.exp
nuc.models,nuc.theory
phys.qm2,nuc.theory
nuc.crosssection,nuc.data
cs.data,nuc.data
nuc.neutron,nuc.neutronsci
phys.condmat,nuc.neutronsci
nuc.fusion_basics,nuc.astro
nuc.reactions,nuc.astro
nuc.models,nuc.structure
nuc.fission,rx.principles
nuc.neutron,rx.principles
rx.principles,rx.neutroncycle
nuc.fission,rx.chain
nuc.neutron,rx.chain
rx.neutroncycle,rx.criticality
rx.chain,rx.criticality
rx.criticality,rx.kinetics
math.ode,rx.kinetics
cs.numpy,rx.kinetics
rx.kinetics,rx.control
nuc.neutron,rx.diffusion
math.pde,rx.diffusion
math.vectors,rx.diffusion
rx.diffusion,rx.transport
math.mc,rx.transport
nuc.data,rx.transport
math.pde,rx.heat
phys.thermo,rx.heat
math.pde,rx.fluids
phys.mech,rx.fluids
rx.heat,rx.thermalhyd
rx.fluids,rx.thermalhyd
phys.thermo,rx.thermo_power
rx.thermalhyd,rx.cooling
rx.principles,rx.fuel
mat.intro,rx.fuel
mat.intro,rx.materials
mat.damage,rx.materials
meas.detectors,rx.instr
rx.kinetics,rx.instr
phys.em,rx.instr
rx.principles,rx.types
rx.types,rx.research
rx.types,rx.power
rx.thermalhyd,rx.power
safe.did,rx.power
rx.types,rx.gen4
rx.fuel,rx.gen4
mat.hightemp,rx.gen4
rx.gen4,rx.smr
safe.did,rx.smr
pol.regulatory,rx.smr
rx.transport,rx.core
rx.thermalhyd,rx.core
rx.fuel,rx.core
rx.transport,rx.multiphysics
rx.thermalhyd,rx.multiphysics
mat.fuels,rx.multiphysics
cs.vv,rx.multiphysics
rx.thermo_power,rx.economics
math.stat,rx.economics
nuc.fission,fuel.intro
chem.inorganic,fuel.intro
fuel.intro,fuel.resources
chem.inorganic,fuel.resources
fuel.resources,fuel.fabrication
chem.isotope,fuel.fabrication
rx.fuel,fuel.inreactor
mat.damage,fuel.inreactor
rx.thermalhyd,fuel.inreactor
fuel.intro,fuel.spent
nuc.series,fuel.spent
fuel.spent,fuel.storage
rad.shielding,fuel.storage
fuel.spent,fuel.reprocessing
chem.radiochemistry,fuel.reprocessing
sec.nonprolif,fuel.reprocessing
fuel.spent,fuel.waste
rad.types,fuel.waste
pol.regulatory,fuel.waste
fuel.waste,fuel.disposal
chem.envradio,fuel.disposal
env.hydrology,fuel.disposal
rad.shielding,fuel.transport
pol.regulatory,fuel.transport
fuel.waste,fuel.decommissioning
meas.monitoring,fuel.decommissioning
safe.systems,fuel.decommissioning
phys.condmat,mat.intro
chem.materials,mat.intro
mat.intro,mat.damage
rad.interaction,mat.damage
phys.condmat,mat.damage
mat.intro,mat.metals
mat.intro,mat.ceramics
chem.materials,mat.ceramics
mat.ceramics,mat.composites
mat.metals,mat.hightemp
mat.ceramics,mat.hightemp
mat.metals,mat.corrosion
chem.phys,mat.corrosion
mat.damage,mat.lifetime
mat.corrosion,mat.lifetime
safe.human,mat.lifetime
phys.condmat,mat.characterization
meas.spectroscopy,mat.characterization
mat.ceramics,mat.fuels
rx.fuel,mat.fuels
nuc.decay,rad.types
phys.atomic,rad.types
rad.types,rad.sources
nuc.halflife,rad.sources
rad.types,rad.interaction
phys.atomic,rad.interaction
phys.emi,rad.interaction
rad.interaction,rad.transport
math.ode,rad.transport
rad.interaction,rad.dosimetry
rad.transport,rad.dosimetry
rad.interaction,rad.detectors
phys.em,rad.detectors
meas.electronics,rad.detectors
rad.detectors,rad.spectroscopy
meas.signal,rad.spectroscopy
math.stat,rad.spectroscopy
rad.transport,rad.shielding
rad.interaction,rad.shielding
rad.types,rad.contamination
rad.sources,rad.contamination
rad.dosimetry,rad.bio
chem.radiochemistry,rad.bio
rad.dosimetry,rad.metrology
meas.calibration,rad.metrology
nuc.crosssection,rad.activation
rad.spectroscopy,rad.activation
rx.research,rad.activation
rad.dosimetry,prot.principles
rad.bio,prot.principles
prot.principles,prot.monitoring
rad.detectors,prot.monitoring
prot.monitoring,prot.occupational
rad.contamination,prot.occupational
prot.principles,prot.lab
chem.hotcells,prot.lab
prot.principles,prot.emergency
safe.accidents,prot.emergency
env.dispersion,prot.emergency
prot.principles,prot.medical
med.imaging,prot.medical
med.therapy,prot.medical
safe.did,safe.culture
rad.dosimetry,safe.did
rx.principles,safe.did
safe.did,safe.systems
rx.control,safe.systems
safe.systems,safe.hazard
math.prob,safe.hazard
safe.hazard,safe.psa
math.prob,safe.psa
safe.human,safe.psa
safe.systems,safe.dsa
rx.thermalhyd,safe.dsa
math.nummethods,safe.dsa
safe.dsa,safe.severe
safe.psa,safe.severe
fuel.inreactor,safe.severe
safe.culture,safe.human
math.stat,safe.human
safe.psa,safe.risk
safe.dsa,safe.risk
cs.uq,safe.risk
safe.severe,safe.accidents
safe.human,safe.accidents
hist.timeline,safe.accidents
safe.did,safe.reg
pol.regulatory,safe.reg
phys.em,meas.electronics
math.complex,meas.electronics
meas.electronics,meas.signal
math.analysis,meas.signal
cs.numpy,meas.signal
rad.spectroscopy,meas.calibration
math.stat,meas.calibration
rad.interaction,meas.detectors
rad.spectroscopy,meas.monitoring
env.tracers,meas.monitoring
rad.spectroscopy,meas.spectroscopy
phys.emi,fus.plasma
phys.statmech,fus.plasma
math.vectors,fus.plasma
fus.plasma,fus.mhd
rx.fluids,fus.mhd
fus.plasma,fus.heating
phys.emi,fus.heating
fus.plasma,fus.magnetic
fus.mhd,fus.magnetic
fus.magnetic,fus.tokamak
fus.heating,fus.tokamak
fus.magnetic,fus.stellarator
nuc.fusion_basics,fus.inertial
phys.emi,fus.inertial
phys.statmech,fus.inertial
fus.magnetic,fus.alt
fus.inertial,fus.alt
mat.damage,fus.materials
mat.hightemp,fus.materials
fus.neutronics,fus.blanket
chem.isotope,fus.blanket
rx.transport,fus.neutronics
nuc.fusion_basics,fus.neutronics
fus.plasma,fus.diagnostics
meas.detectors,fus.diagnostics
meas.signal,fus.diagnostics
fus.tokamak,fus.engineering
fus.materials,fus.engineering
rx.economics,fus.engineering
rad.types,med.nucmed
nuc.halflife,med.nucmed
rad.dosimetry,med.nucmed
med.nucmed,med.imaging
rad.detectors,med.imaging
meas.signal,med.imaging
rad.bio,med.therapy
rad.dosimetry,med.therapy
med.nucmed,med.therapy
nuc.reactions,med.isotopes
rx.research,med.isotopes
chem.radiochemistry,med.isotopes
med.therapy,med.dosimetry_plan
math.mc,med.dosimetry_plan
cs.data,med.dosimetry_plan
prot.principles,med.rp
med.nucmed,med.rp
rad.transport,ind.ndt
ind.radiography,ind.ndt
rad.sources,ind.radiography
rad.shielding,ind.radiography
prot.principles,ind.radiography
rad.transport,ind.gauges
rad.detectors,ind.tracers
chem.isotope,ind.tracers
rad.bio,ind.sterilization
rad.dosimetry,ind.sterilization
rad.activation,ind.activation_analysis
rad.detectors,ind.welllogging
env.hydrology,ind.welllogging
chem.isotope,env.tracers
rad.spectroscopy,env.tracers
math.stat,env.tracers
env.tracers,env.hydrology
rx.fluids,env.hydrology
env.tracers,env.climate
env.dating,env.climate
nuc.halflife,env.dating
meas.spectroscopy,env.dating
math.stat,env.dating
chem.envradio,env.radioecology
rad.bio,env.radioecology
rx.fluids,env.dispersion
math.pde,env.dispersion
env.radioecology,env.dispersion
env.tracers,env.agriculture
rad.bio,env.agriculture
meas.monitoring,env.remediation
env.radioecology,env.remediation
fuel.decommissioning,env.remediation
rad.dosimetry,pol.regulatory
safe.did,pol.regulatory
pol.regulatory,pol.law
pol.regulatory,pol.safeguards
fuel.intro,pol.safeguards
sec.nonprolif,pol.safeguards
pol.regulatory,pol.treaties
sec.nonprolif,pol.treaties
pol.regulatory,pol.governance
safe.culture,pol.governance
safe.accidents,pol.ethics
res.literature,pol.ethics
hist.timeline,sec.nonprolif
fuel.intro,sec.nonprolif
sec.nonprolif,sec.security
pol.regulatory,sec.security
sec.nonprolif,sec.armscontrol
pol.treaties,sec.armscontrol
sec.nonprolif,sec.deterrence
sec.history,sec.deterrence
hist.timeline,sec.history
rad.interaction,sec.effects
rad.bio,sec.effects
rad.transport,sec.effects
meas.spectroscopy,sec.forensics
chem.analytical,sec.forensics
nuc.data,sec.forensics
sec.nonprolif,sec.geopolitics
pol.treaties,sec.geopolitics
rx.economics,sec.geopolitics
hist.timeline,hist.projects
hist.timeline,hist.accidents_hist
safe.accidents,hist.accidents_hist
cs.python,res.literature
res.literature,res.sources
res.literature,res.question
res.sources,res.question
res.question,res.design
prot.principles,res.design
math.stat,res.design
math.stat,res.stats
cs.uq,res.stats
cs.data,res.data
res.design,res.data
cs.python,res.reproducibility
res.data,res.reproducibility
cs.vv,res.reproducibility
res.literature,res.writing
res.stats,res.writing
res.writing,res.peerreview
res.question,res.openproblems
res.literature,res.openproblems
res.reproducibility,res.openproblems
nuc.neutronsci,disc.neutronimaging
rad.detectors,disc.neutronimaging
part.accel,disc.ads
rx.criticality,disc.ads
fuel.reprocessing,disc.ads
fuel.reprocessing,disc.transmutation
nuc.reactions,disc.transmutation
med.isotopes,disc.theranostics
med.therapy,disc.theranostics
med.imaging,disc.theranostics
rx.types,disc.space
nuc.decay,disc.space
rx.thermo_power,disc.hydrogen
rx.gen4,disc.hydrogen
chem.phys,disc.hydrogen
rx.thermo_power,disc.desal
rx.economics,disc.desal
rx.multiphysics,disc.digitaltwin
cs.vv,disc.digitaltwin
rx.instr,disc.digitaltwin
cs.uq,disc.ml_nuclear
nuc.data,disc.ml_nuclear
cs.numpy,disc.ml_nuclear
mat.metals,disc.advancedmanufacturing
mat.characterization,disc.advancedmanufacturing
phys.qm2,disc.quantum
cs.uq,disc.quantum
rx.transport,disc.quantum
rx.smr,disc.microreactors
rx.cooling,disc.microreactors
env.dispersion,disc.nuclear_analytics
meas.monitoring,disc.nuclear_analytics
cs.data,disc.nuclear_analytics
safe.culture,disc.humanfactors_org
safe.human,disc.humanfactors_org
res.writing,disc.education
rx.principles,disc.education
rx.economics,disc.economics_risk
safe.risk,disc.economics_risk
pol.law,disc.economics_risk
disc.ml_nuclear,disc.ai_governance
rx.instr,disc.ai_governance
pol.regulatory,disc.ai_governance
